,Start Date,Start Price,End Date,End Price,Weekly Returns,Bin Label,News,Basics
0,2023-01-01,16625.080078125,2023-01-08,17091.14453125,0.028033817036360542,U3,[],{}
1,2023-01-08,17091.14453125,2023-01-15,20880.798828125,0.2217320373100744,U5+,[],{}
2,2023-01-15,20880.798828125,2023-01-22,22720.416015625,0.08810090086314903,U5+,[],{}
3,2023-01-22,22720.416015625,2023-01-29,23774.56640625,0.046396614828709604,U5,[],{}
4,2023-01-29,23774.56640625,2023-02-05,22955.666015625,-0.034444388033496254,D4,[],{}
5,2023-02-05,22955.666015625,2023-02-12,21788.203125,-0.05085728681669943,D5+,[],{}
6,2023-02-12,21788.203125,2023-02-19,24327.642578125,0.11655111890393677,U5+,[],{}
7,2023-02-19,24327.642578125,2023-02-26,23561.212890625,-0.03150447829207914,D4,[],{}
8,2023-02-26,23561.212890625,2023-03-05,22435.513671875,-0.04777764302609033,D5,[],{}
9,2023-03-05,22435.513671875,2023-03-12,22163.94921875,-0.012104222666648012,D2,[],{}
10,2023-03-12,22163.94921875,2023-03-19,28038.67578125,0.2650577523219628,U5+,[],{}
11,2023-03-19,28038.67578125,2023-03-26,27994.330078125,-0.0015815904956059113,D1,[],{}
12,2023-03-26,27994.330078125,2023-04-02,28199.30859375,0.007322143986048468,U1,[],{}
13,2023-04-02,28199.30859375,2023-04-09,28333.05078125,0.0047427470448564435,U1,[],{}
14,2023-04-09,28333.05078125,2023-04-16,30315.35546875,0.0699643925677016,U5+,[],{}
15,2023-04-16,30315.35546875,2023-04-23,27591.384765625,-0.08985448664565232,D5+,[],{}
16,2023-04-23,27591.384765625,2023-04-30,29268.806640625,0.06079513185905161,U5+,[],{}
17,2023-04-30,29268.806640625,2023-05-07,28454.978515625,-0.02780530600350506,D3,[],{}
18,2023-05-07,28454.978515625,2023-05-14,26930.638671875,-0.053570233515128685,D5+,[],{}
19,2023-05-14,26930.638671875,2023-05-21,26753.826171875,-0.0065654774160500695,D1,[],{}
20,2023-05-21,26753.826171875,2023-05-28,28085.646484375,0.04978055489872624,U5,[],{}
21,2023-05-28,28085.646484375,2023-06-04,27119.06640625,-0.03441544700289312,D4,[],{}
22,2023-06-04,27119.06640625,2023-06-11,25940.16796875,-0.043471202874015735,D5,[],{}
23,2023-06-11,25940.16796875,2023-06-18,26336.212890625,0.015267631356593814,U2,[],{}
24,2023-06-18,26336.212890625,2023-06-25,30480.26171875,0.15735173638424582,U5+,[],{}
25,2023-06-25,30480.26171875,2023-07-02,30620.76953125,0.0046097967857527955,U1,[],{}
26,2023-07-02,30620.76953125,2023-07-09,30171.234375,-0.014680726942254863,D2,[],{}
27,2023-07-09,30171.234375,2023-07-16,30249.1328125,0.0025818777094697154,U1,[],{}
28,2023-07-16,30249.1328125,2023-07-23,30084.5390625,-0.0054412716893484925,D1,[],{}
29,2023-07-23,30084.5390625,2023-07-30,29275.30859375,-0.02689854968589811,D3,[],{}
30,2023-07-30,29275.30859375,2023-08-06,29041.85546875,-0.007974403557605592,D1,[],{}
31,2023-08-06,29041.85546875,2023-08-13,29282.9140625,0.008300385421633472,U1,[],{}
32,2023-08-13,29282.9140625,2023-08-20,26189.583984375,-0.10563600574460419,D5+,[],{}
33,2023-08-20,26189.583984375,2023-08-27,26089.693359375,-0.0038141356143570615,D1,[],{}
34,2023-08-27,26089.693359375,2023-09-03,25969.56640625,-0.004604383480874996,D1,[],{}
35,2023-09-03,25969.56640625,2023-09-10,25832.2265625,-0.005288491983329591,D1,[],{}
36,2023-09-10,25832.2265625,2023-09-17,26534.1875,0.027173845653669648,U3,[],{}
37,2023-09-17,26534.1875,2023-09-24,26256.826171875,-0.010452979882086044,D2,[],{}
38,2023-09-24,26256.826171875,2023-10-01,27983.75,0.06577047114608225,U5+,"[{""date"": ""20230928074926"", ""headline"": ""Cipher Mining: Low On Cash And Time"", ""summary"": ""Cipher Mining has one of the lower breakeven costs by my calculations but is running low on cash. See why I'm maintaining my 'hold' call on CIFR.""}, {""date"": ""20230929033207"", ""headline"": ""Bitcoin: Government Shutdown Rally"", ""summary"": ""Analysts predict a Bitcoin rally if a US government shutdown occurs on October 1st. Learn why previous government shutdowns had little impact on Bitcoin's price.""}, {""date"": ""20230929134428"", ""headline"": ""MicroStrategy: The Stock Is Better Than A Bitcoin ETF"", ""summary"": ""MSTR's Bitcoin strategy has outperformed major assets, showing potential for better returns than a Bitcoin ETF if approved by the SEC. Learn more on MSTR stock here.""}]",{}
39,2023-10-01,27983.75,2023-10-08,27935.08984375,-0.0017388718899361555,D1,"[{""date"": ""20231002131206"", ""headline"": ""Bitcoin: Breakout Or Fakeout?"", ""summary"": ""Bitcoin's price has surged by 15% in recent weeks, bringing excitement to the market. Find out how to interpret the price movement and what to expect next.""}, {""date"": ""20231004102047"", ""headline"": ""Monero: Downgrading The Leading Privacy Coin"", ""summary"": ""Monero's scalability limitations and reliance on privacy make it a speculative investment, unlikely to outperform Bitcoin's dominant position. Learn more on XMR-USD here.""}, {""date"": ""20231006073743"", ""headline"": ""Bitcoin: The Deep Breath Before The Plunge"", ""summary"": ""Bitcoin's trading activity and adoption are declining, indicating a lack of support and potential for a significant price fall. Click here to read more.""}, {""date"": ""20231007203000"", ""headline"": ""VanEck Monthly Crypto Recap For September 2023"", ""summary"": ""Digital assets outperformed other risk assets in September for the first time since May. Among tokens, large-caps\u00e2\u0080\u0099 outperformance surged to all-time highs vs. small-caps.""}]",{}
40,2023-10-08,27935.08984375,2023-10-15,27159.65234375,-0.02775854684331691,D3,"[{""date"": ""20231007203000"", ""headline"": ""VanEck Monthly Crypto Recap For September 2023"", ""summary"": ""Digital assets outperformed other risk assets in September for the first time since May. Among tokens, large-caps\u00e2\u0080\u0099 outperformance surged to all-time highs vs. small-caps.""}, {""date"": ""20231009121928"", ""headline"": ""Where We See Crypto Mining Stocks Headed"", ""summary"": ""The earnings of crypto mining businesses are correlated to the market prices of Bitcoin, and the industry is currently not profitable. Read why crypto continues to lose steam.""}, {""date"": ""20231010222200"", ""headline"": ""September 2023 Passive Income Update"", ""summary"": ""Fortis\u00c2\u00a0decided to get king status and boost their dividend by 4.4%. This raise adds $23.60 to our forward income. Check out our income update for September.""}, {""date"": ""20231011063039"", ""headline"": ""BITW: A Simpler Approach To Crypto Diversification"", ""summary"": ""The Bitwise 10 Crypto Index Fund aims to provide investors with exposure to 10 different cryptocurrencies in one fund. Read more here.""}]",{}
41,2023-10-15,27159.65234375,2023-10-22,29993.896484375,0.1043549492001219,U5+,"[{""date"": ""20231016040053"", ""headline"": ""Billionaire Ray Dalio Says '50% Chance Of World War' - How To Invest?"", ""summary"": ""Billionaire Ray Dalio believes the odds of a global hot war involving major powers have risen from 35% to 50% in the past two years. Click here for a detailed analysis.""}, {""date"": ""20231017083715"", ""headline"": ""Did SEC Admit Defeat? Bitcoin ETF Could Be Near"", ""summary"": ""Grayscale Bitcoin Trust surges after SEC does not appeal court ruling on ETF application denial. Read more about GBTC here.""}, {""date"": ""20231018144301"", ""headline"": ""The Inherent Problems Of A Bitcoin ETF"", ""summary"": ""Read about Grayscale's Bitcoin Trust's potential application for a Bitcoin Spot ETF and the impact it could have on the price and investors.""}, {""date"": ""20231019021010"", ""headline"": ""Canaan: Time To Buy Shovels?"", ""summary"": ""Canaan's ASIC business has been in decline due to the broad softness in the cryptocurrency market. Learn why I think it's slightly early to go long CAN before a post-halving rebound.""}, {""date"": ""20231019120432"", ""headline"": ""BITO: Simple And Easy Bitcoin Price Exposure"", ""summary"": ""The ProShares Bitcoin Strategy lags behind Bitcoin's performance but offers a simple derivative bet using CME futures contracts. Learn more on BITO ETF here.""}, {""date"": ""20231019155103"", ""headline"": ""Bitcoin: All Eyes On The SEC"", ""summary"": ""Speculation arises as SEC's decision to not appeal a court order favoring Grayscale's Bitcoin ETF application raises hope for potential approval. Read the analysis here.""}]",{}
42,2023-10-22,29993.896484375,2023-10-29,34538.48046875,0.15151695901672713,U5+,"[{""date"": ""20231024005831"", ""headline"": ""Bitcoin At A Major Breakout Point (Technical Analysis)"", ""summary"": ""Bitcoin is trading at key pivotal levels against the USD, against the SPY, and against Gold. Check out the weekly chart of BTC-USD and my recommendation.""}, {""date"": ""20231024062051"", ""headline"": ""Bitcoin: Back From The Dead"", ""summary"": ""Bitcoin reaches new highs and surges past $30,000, fueled by factors like BlackRock's listing and bullish market conditions. Find out my analysis of BTC-USD.""}, {""date"": ""20231024070444"", ""headline"": ""The Bitcoin Breakout Is Here: Next Stop $50k"", ""summary"": ""Bitcoin rallies to an 18-month-high above $30k, driven by hopes for a spot market ETF approval. Find out my outlook on the BTC-USD digital asset's future.""}, {""date"": ""20231024082849"", ""headline"": ""BITO: More Upside Ahead As Investors Await A Spot Bitcoin ETF"", ""summary"": ""Exploring the potential arrival of a spot Bitcoin ETF and its impact on Bitcoin Strategy ETF, along with key price levels to monitor. Click here to read my analysis.""}, {""date"": ""20231024083524"", ""headline"": ""Hut 8 Mining: Caution Is Still Warranted, But I'm Upgrading To Buy"", ""summary"": ""Hut 8, a prominent Bitcoin mining company, holds a substantial BTC treasury while serving as a reliable proxy for Bitcoin. Read why I am upgrading HUT stock.""}, {""date"": ""20231025090730"", ""headline"": ""Core Scientific's Restructuring Odyssey"", ""summary"": ""Core Scientific is undergoing a restructuring process after facing financial difficulties during the crypto bear market. Read more about CORZQ here.""}, {""date"": ""20231025194356"", ""headline"": ""The Catalysts Are Building For Bitcoin"", ""summary"": ""Exploring Bitcoin's long-term catalysts including utility as a payment layer, halving effects, and potential ETFs, and their impact on price. Read my BTC thesis.""}, {""date"": ""20231026000500"", ""headline"": ""Dividend Stock Watch List: Lanny's November 2023 Edition"", ""summary"": ""Dividend investing happens, whether the stock market is up or down, whether the fed raises interest rates or lowers, inflation or deflation.""}, {""date"": ""20231026012531"", ""headline"": ""Hut 8 Mining: An Opportunity Emerges"", ""summary"": ""Bitcoin miners like Hut 8 mining have experienced a rough period of volatility, but there may be an opportunity in the upward direction. Learn why we rate HUT stock a buy.""}, {""date"": ""20231026033000"", ""headline"": ""Flight-To-Safety Assets: Are They Really Safe?"", ""summary"": ""Supposedly safe bonds are being sold. The Mid-East upheaval and recession fears should mean Treasuries get a strong bid. Stocks are declining while gold and crypto continue in the ascendent.""}, {""date"": ""20231026173021"", ""headline"": ""Warren Buffett's Simple Path To Wealth: 'Just Sit And Think'"", ""summary"": ""Learn how Warren Buffett's advice of doing nothing can help build a passive income snowball in today's market environment.""}, {""date"": ""20231027033055"", ""headline"": ""Wall Street Breakfast: Crypto Crime"", ""summary"": ""The article discusses the rising scrutiny on cryptocurrency's role in financing terrorism and the warning from U.S. Deputy Treasury Secretary Wally Adeyemo.""}, {""date"": ""20231027053901"", ""headline"": ""Bitfarms: Efficient, Expanding, And Nearly Debt-Free"", ""summary"": ""Bitfarms, a top player in Bitcoin mining, focuses on fleet efficiency and debt reduction while projecting a challenging Q3. Read why better times are ahead for BITF.""}, {""date"": ""20231028033342"", ""headline"": ""Wall Street Breakfast: What Moved Markets"", ""summary"": ""Listen on the go! A daily podcast of Wall Street Breakfast will be available this morning on Seeking Alpha, iTunes, Spotify""}, {""date"": ""20231028040000"", ""headline"": ""Bitcoin Has Started Its Push Upwards"", ""summary"": ""Bitcoin broke its previous 2023 high and gained nearly 10% in a breakout, raising questions about a move to $100K. Explore more details here.""}]",{}
43,2023-10-29,34538.48046875,2023-11-05,35049.35546875,0.014791472961939833,U2,"[{""date"": ""20231031202458"", ""headline"": ""Why We Are Long Gold, Short Treasuries Moving Into 2024"", ""summary"": ""Geopolitical tensions and potential money-printing exercises by the US Fed could lead to a bullish outlook for gold. Check out our consideration.""}, {""date"": ""20231103065251"", ""headline"": ""The S&P 500 Needs To Hold This Key Level - Otherwise It's Time To Batten Down The Hatches (Technical Analysis)"", ""summary"": ""Consider alternative investments like gold & Bitcoin if S&P 500 support collapses. Click here to read what investors need to know.""}, {""date"": ""20231103153749"", ""headline"": ""Marathon Digital Is Poised To Outperform The Price Of Bitcoin"", ""summary"": ""Marathon Digital is the best positioned miner to capture the upside move in Bitcoin. Click here to read my analysis of MARA stock now.""}, {""date"": ""20231103155602"", ""headline"": ""CleanSpark: Deserves Much Better"", ""summary"": ""CleanSpark, a Bitcoin miner, is positioning itself for the upcoming Halving event and offers undervalued investment potential. Read my analysis of CLSK stock.""}, {""date"": ""20231104040450"", ""headline"": ""Wall Street Breakfast: What Moved Markets"", ""summary"": ""Listen on the go! A daily podcast of Wall Street Breakfast will be available this morning on Seeking Alpha, iTunes, Spotify.""}]",{}
44,2023-11-05,35049.35546875,2023-11-12,37054.51953125,0.057209727131439125,U5+,"[{""date"": ""20231106054044"", ""headline"": ""Coinbase Global: Still Woefully Risky Despite A Well-Deserved Upgrade"", ""summary"": ""Coinbase Global exceeded analysts' forecasts and achieved positive cash flows in Q3, leading to an upgrade from 'strong sell' to 'sell'. Read more on COIN stock here.""}, {""date"": ""20231106060306"", ""headline"": ""Gold And Bitcoin Show Market Losing Confidence In Central Banks, Avoid TLT (Technical Analysis)"", ""summary"": ""Gold and Bitcoin are both benefiting from market sentiment shifting towards distrust in central banks and fiat currencies. Read more here.""}, {""date"": ""20231107010926"", ""headline"": ""Bitcoin Is Encountering A Strong Resistance"", ""summary"": ""Bitcoin's resistance level at $30,000 - $35,000 challenges its performance as trading volume rises. Click here to read about my outlook on BTC price.""}, {""date"": ""20231107214600"", ""headline"": ""October 2023 Passive Income Update"", ""summary"": ""AbbVie came through with a 4.7% raise. Pretty good considering they are still navigating the Humira issues.""}, {""date"": ""20231109104536"", ""headline"": ""Bitcoin Is Booming Again: Last Chance To Snag GBTC At A 13% Discount Before The 2024 Halving"", ""summary"": ""Bitcoin's 2024 halving is expected to lead to a decrease in its annual inflation rate, potentially driving up its price. Read more about GBTC here.""}, {""date"": ""20231109114147"", ""headline"": ""Bit Digital: Adapting To New Realities But Important To Obtain Management Update"", ""summary"": ""Bit Digital\u00e2\u0080\u0099s shares are at $2.15 level, or well below its July high of $4.59. As of August, BTBT stock is no longer moving in tandem with Bitcoin. Read more here""}, {""date"": ""20231110065138"", ""headline"": ""BIGZ: 15% Discount To NAV And 6% Annualized Distribution"", ""summary"": ""BlackRock Innovation and Growth Term Trust is a closed-end fund with a sizeable discount to NAV. Click here to read an analysis of BIGZ CEF here.""}, {""date"": ""20231110130846"", ""headline"": ""Bonds In Shambles, Stocks Tremble And Bitcoin Shines"", ""summary"": ""Treasury bond auction disappointment, Fed Chair Powell's hawkish stance, and resistance in stocks amid cryptocurrency surge fuel market uncertainty. Click for more.""}, {""date"": ""20231110132500"", ""headline"": ""Bitcoin: 52-Week High 2 Years After A Record High"", ""summary"": ""With a gain of nearly 8% for the week, Bitcoin rallied to 52-week highs and crossed above 35K, 36K, and 37K in the process.""}, {""date"": ""20231110182000"", ""headline"": ""Loose Thoughts In A Time Of Uncertainty"", ""summary"": ""As we navigate the currents of today\u00e2\u0080\u0099s financial markets, we\u00e2\u0080\u0099re witnessing a striking contrast between the resilience of equities and the cautious stance of the bond market.""}, {""date"": ""20231111040000"", ""headline"": ""VanEck Crypto Monthly Recap For October 2023"", ""summary"": ""Amidst the sharp sell-off in U.S. government debt, Bitcoin\u00e2\u0080\u0099s performance is gaining newfound attention. Click here to read more in VanEck's Crypto Monthly Recap.""}]",{}
45,2023-11-12,37054.51953125,2023-11-19,37386.546875,0.008960508676140844,U1,"[{""date"": ""20231113030000"", ""headline"": ""Michael Gayed On Credit Event Phases And The Fed's Unprecedented Moves"", ""summary"": ""How should investors be thinking about this volatile market? Michael Gayed on credit event phases and the Fed's unprecedented moves.""}, {""date"": ""20231113085719"", ""headline"": ""Is Bitcoin About To Go Parabolic? A Surprising Chart Formation Sparks Excitement"", ""summary"": ""A compelling chart formation rooted in \u00e2\u0080\u0098advanced\u00e2\u0080\u0099 TA suggests BTC is a buy. Read more about the concept of fractals and fractals in Bitcoin charts.""}, {""date"": ""20231113141800"", ""headline"": ""Bitcoin, BlackRock, And The End Of Decentralization"", ""summary"": ""BlackRock's entry into cryptocurrency marks the end of the idea of a decentralized world currency. Learn more about Bitcoin's rally in 2023.""}, {""date"": ""20231113150415"", ""headline"": ""Bullish Litecoin, But Be Careful Chasing The Grayscale Litecoin Trust"", ""summary"": ""Grayscale Litecoin Investment Trust has seen a surge in demand bring the trust's price from a NAV discount to a NAV premium in recent sessions. Read why LTCN is a Hold.""}, {""date"": ""20231115051932"", ""headline"": ""Riot Platforms: Poised To Ride The Bitcoin Wave To New Heights"", ""summary"": ""Riot Platforms, one of the largest Bitcoin miners, is well-positioned to ride the wave higher as Bitcoin continues to be bid higher. Read my analysis of RIOT.""}, {""date"": ""20231116150524"", ""headline"": ""Breaking: Bitcoin ETFs On The Verge Of Approval; Position For The Crypto Moon With Bakkt"", ""summary"": ""Read here for the impact of Bitcoin ETFs on the crypto market and the potential benefits of Bakkt, regulated stock offering a solution to custody challenges.""}, {""date"": ""20231117015822"", ""headline"": ""Block: Squarely In My Crosshairs For An Undervalued Growth Stock"", ""summary"": ""Block, Inc. is a fintech company that has seen its stock price drop by 80%. Click here to see whether this is a potential buying opportunity.""}, {""date"": ""20231117091710"", ""headline"": ""Grayscale Bitcoin Trust: Lightening But Still Long"", ""summary"": ""Discover the latest in Bitcoin news as its price skyrockets in 2023, with insights on Grayscale Bitcoin Trust's performance. Click here to read my analysis.""}]",{}
46,2023-11-19,37386.546875,2023-11-26,37479.12109375,0.002476137180026816,U1,"[{""date"": ""20231120044018"", ""headline"": ""Bitcoin: Multiple Time Frame Price Analysis (Technical Analysis)"", ""summary"": ""Discover how Bitcoin's upcoming halving in April 2024 could potentially lead to significant price appreciation, similar to previous cycles. Click here to read.""}, {""date"": ""20231120051537"", ""headline"": ""Bitcoin: Taking A Breath Before The Next Surge"", ""summary"": ""Bitcoin has outperformed stock markets and precious metals, with a 145% increase in value over the past year. Find out how BTC-USD is likely to move from here.""}, {""date"": ""20231121001306"", ""headline"": ""Bitcoin: A Couple Of Reasons To Stay Long Despite The Recent Rally"", ""summary"": ""Bitcoin (BTC-USD) is discussed as an investment option with potential for diversification and gains. Learn why I believe now is a decent time to add.""}, {""date"": ""20231121073201"", ""headline"": ""Bitcoin:\u00a0'Number Go Up'"", ""summary"": ""The Halving Event is the most important and predictable driver of Bitcoin. Read more here.""}, {""date"": ""20231122025000"", ""headline"": ""Bitcoin Is On Its Way To All-Time Highs Regardless Of Spot Price ETF Approvals"", ""summary"": ""Bitcoin surges 40% on news of upcoming ETF approvals, but technical analysis suggests further gains ahead despite concerns. Read my full analysis here.""}, {""date"": ""20231122215318"", ""headline"": ""Bitcoin: Recent Crypto Euphoria Likely To Propel Bitcoin North $100K"", ""summary"": ""Bitcoin has surged over 100% this year, with the upcoming halving event expected to drive prices even higher. See why I'm bullish about BTC-USD crypto.""}]",{}
47,2023-11-26,37479.12109375,2023-12-03,39978.390625,0.0666843153818455,U5+,"[{""date"": ""20231127070236"", ""headline"": ""Bitcoin And Stablecoins: The Monetary Gates Are Open"", ""summary"": ""Discover how Bitcoin and stablecoins are disrupting the legacy money system, offering investment opportunities worldwide. Read my analysis of BTC.""}, {""date"": ""20231128002322"", ""headline"": ""2x Bitcoin Strategy ETF: Juicy Returns But Be Careful"", ""summary"": ""The Volatility Shares 2x Bitcoin Strategy ETF aims to double the return of Bitcoin in a single trading session. Learn why BITX's performance has been mixed.""}, {""date"": ""20231128121920"", ""headline"": ""MicroStrategy: Riding The Bitcoin Wave Higher"", ""summary"": ""MicroStrategy is using its balance sheet to acquire Bitcoin, becoming a proxy for BTC.""}, {""date"": ""20231129004318"", ""headline"": ""Coinbase Global: Will It Ever Generate Income? (Rating Downgrade)"", ""summary"": ""Coinbase stock experienced a significant price increase of +247% during 2023. Learn why I'm downgrading my 12-month rating outlook for COIN to Strong Sell.""}, {""date"": ""20231130040000"", ""headline"": ""Block Just Hit A Home Run"", ""summary"": ""Block expects to become profitable in 2024 with Jack Dorsey's return, blowout earnings, raised guidance, and a stock buyback. Click here for my take on SQ.""}, {""date"": ""20231201110211"", ""headline"": ""CONY: Coinbase Shares Appear More Attractive Than The Covered-Call ETF"", ""summary"": ""YieldMax COIN Option Income Strategy ETF is focused on generating income through call options on COIN. Read why I see a better upside in COIN versus CONY today.""}, {""date"": ""20231201134450"", ""headline"": ""BITQ: Bullish Exposure To Crypto Stocks In One ETF"", ""summary"": ""The Bitwise Crypto Industry Innovators ETF allows investors to gain exposure to the growing crypto economy and outperform Bitcoin. Read my BITQ analysis here.""}, {""date"": ""20231201135224"", ""headline"": ""CleanSpark: Well Positioned For The Future"", ""summary"": ""CleanSpark is poised to enter the Bitcoin halving with very little debt, a large BTC stack, and double digit EH/s production. Read why I'm bullish on CLSK stock.""}, {""date"": ""20231202020000"", ""headline"": ""Bitcoin Valuation: Four Methods"", ""summary"": ""Unlike traditional assets, bitcoin lacks the typical characteristics required for traditional valuation methods. So, how do you value bitcoin?""}]",{}
48,2023-12-03,39978.390625,2023-12-10,43779.69921875,0.09508408253365008,U5+,"[{""date"": ""20231204131235"", ""headline"": ""Bitdeer Technologies: Undervalued Bitcoin Miner Deserves A Closer Look"", ""summary"": ""Bitdeer Technologies Group, a leading Bitcoin mining company, reported impressive Q3 results. Read why I've placed a Strong Buy rating on BTDR stock.""}, {""date"": ""20231205001301"", ""headline"": ""Powering Through: Riot's Winter Bitcoin Breakout (Rating Upgrade)"", ""summary"": ""Riot Platforms faces risks from Bitcoin price volatility and operational challenges. Find out why RIOT stock is a Buy.""}, {""date"": ""20231205020000"", ""headline"": ""Bitcoin: Liquidity Proxy"", ""summary"": ""Bitcoin's price has remained surprisingly resilient over the past 18 months in the face of tight financial conditions. Check out my views on BTC.""}, {""date"": ""20231205070000"", ""headline"": ""Celebrating Seeking Alpha's New Analysts - November 2023 Edition"", ""summary"": ""Discover new voices and perspectives in the financial world with Seeking Alpha's November edition of their monthly series highlighting new analysts.""}, {""date"": ""20231206043200"", ""headline"": ""Bitcoin Depot: Enough Positives To Keep It Interesting"", ""summary"": ""An uncertain growth outlook and competition from digital channels to acquire Bitcoin highlight the risks to Bitcoin Depot stock. Learn why I rate BTM a hold.""}, {""date"": ""20231206051856"", ""headline"": ""5 Growth Stocks For 2024"", ""summary"": ""Growth stocks are the backbone of my long-term investing portfolio. Find out my selection criteria for growth stocks and 5 of my growth stock picks.""}, {""date"": ""20231207022921"", ""headline"": ""BKCH: Bitcoin's Surge Helps Blockchain And Crypto Stocks, Spotting Key Risks"", ""summary"": ""Global X Blockchain ETF has very high momentum today, but is currently overbought and faces technical resistance. See why I rate BKCH a hold.""}, {""date"": ""20231207031000"", ""headline"": ""VanEck Crypto Monthly Recap For November 2023"", ""summary"": ""In Nov., Bitcoin outperformed the S&P 500 due to investor interest and potential US Bitcoin ETFs. Click here to read the full Nov. crypto update.""}, {""date"": ""20231207032948"", ""headline"": ""Robinhood: A Perfect Storm Of Tailwinds"", ""summary"": ""Robinhood's stock surges 25% as Q3 results show increased revenue and EBITDA. Click here to find out why I am upgrading my rating for HOOD to strong buy.""}, {""date"": ""20231207052000"", ""headline"": ""Top Investment Picks For 2024: India And Bitcoin"", ""summary"": ""Wish you had bought the \u00e2\u0080\u009cMagnificent 7\u00e2\u0080\u009d stocks 10 years ago? Standing on the precipice of 2024, we explore where we think investors\u00e2\u0080\u0094several years from now\u00e2\u0080\u0094may wish they had invested today.""}, {""date"": ""20231207112924"", ""headline"": ""BlackRock: The Bitcoin ETF Is A Big Opportunity"", ""summary"": ""BlackRock's proposed Bitcoin ETF could open up cryptocurrency to mainstream investors. Click here to find out why BLK stock is rated as a buy.""}, {""date"": ""20231208030000"", ""headline"": ""Crypto ETFs Higher As Spot Bitcoin ETFs' Timeline Grows Closer"", ""summary"": ""Bitcoin prices are near $44,000 and excitement is pouring into the space again.""}, {""date"": ""20231209014500"", ""headline"": ""VanEck's 15 Crypto Predictions For 2024"", ""summary"": ""Step into the realm of speculation with us as we embark on a whimsical journey into the future of crypto and outline our top 15 Crypto Predictions for 2024.""}, {""date"": ""20231209031552"", ""headline"": ""Wall Street Breakfast: What Moved Markets"", ""summary"": ""Listen on the go! A daily podcast of Wall Street Breakfast will be available this morning on Seeking Alpha, iTunes, Spotify.""}]",{}
49,2023-12-10,43779.69921875,2023-12-17,41364.6640625,-0.05516335651789239,D5+,"[{""date"": ""20231210224654"", ""headline"": ""Hut 8: My Top Pick For Capturing The Imminent Bitcoin Bull Run"", ""summary"": ""Hut 8 has experienced significant growth in its mining hashrate, effectively tripling it to reach 7.5 exahashes per second. Read why I'm bullish on HUT.""}, {""date"": ""20231211234714"", ""headline"": ""Applied Digital Remains A Good Bet In Crypto Mining"", ""summary"": ""Applied Digital has expanded its facilities for hosting and AI cloud services. Find out what makes APLD stock a compelling investment.""}, {""date"": ""20231212030000"", ""headline"": ""Ethereum Has Upside"", ""summary"": ""Ethereum could outperform Bitcoin in the next 6 months due to its recent underperformance and changing market conditions. Find out my recommendation on ETH-USD.""}, {""date"": ""20231213065119"", ""headline"": ""Bitcoin: Short-Term Volatility Looms"", ""summary"": ""Bitcoin's strong performance in 2024 has been fueled by expectations of a spot Bitcoin ETF approval, although regulatory concerns persist. Learn more on BTC here.""}, {""date"": ""20231213081536"", ""headline"": ""Rally Or Retreat? Why This Halving Could Be Different"", ""summary"": ""Previous halving cycles showed similar price action, with Bitcoin rallying after halving and reaching new all-time highs. Read why this halving could be different.""}, {""date"": ""20231214011000"", ""headline"": ""November 2023 Passive Income - 6 Dividend Raises"", ""summary"": ""As interest rates level off, the portfolio should perform better. While the income is lower, we put a lot of cash to work for us.""}]",{}
50,2023-12-17,41364.6640625,2023-12-24,43016.1171875,0.039924248448016675,U4,"[{""date"": ""20231219012017"", ""headline"": ""HIVE Digital: The Right Cocktail Of Bitcoin And AI For 2024"", ""summary"": ""The ChatGPT phenomenon has boosted chip maker Nvidia's stock while Bitcoin has seen triple-digit gains, but HIVE Digital has not seen the same level of success. Read more here.""}, {""date"": ""20231219020000"", ""headline"": ""Marathon Digital: A Fee Market, If You Can Keep It"", ""summary"": ""Marathon Digital's stock performance has been phenomenal this year, with only Bitfarms having a better YTD return among mining tickers. Read more here.""}, {""date"": ""20231219151611"", ""headline"": ""Where's Bitcoin Going In 2024?"", ""summary"": ""Bitcoin is predicted to surge in value by 2024, despite short-term setbacks, and regulatory concerns won't hinder its upward trajectory. Read my analysis here.""}, {""date"": ""20231221072220"", ""headline"": ""MicroStrategy: It's All About MacroStrategy"", ""summary"": ""For all intents and purposes, MicroStrategy is essentially a leveraged Bitcoin ETF. Check out why I think MSTR is a great stock pick for 2024.""}, {""date"": ""20231222045228"", ""headline"": ""$6 Trillion Black Swan Everyone Forgot"", ""summary"": ""Regional banks are particularly exposed to this risk, as they hold half of the outstanding commercial real estate debt. Read more here.""}, {""date"": ""20231223040000"", ""headline"": ""An Answer To 'Crypto's Unanswered Question: At What Price?'"", ""summary"": ""I have no strong opinion on whether cryptoassets are undervalued or overvalued, the future of money and commerce or a fad that we\u00e2\u0080\u0099ll all look back on amusingly.""}]",{}
51,2023-12-24,43016.1171875,2023-12-31,42156.90234375,-0.019974253836180234,D2,"[{""date"": ""20231226000030"", ""headline"": ""Bitfarms: Better Mining Economics In Argentina"", ""summary"": ""Bitfarms' stock appreciated significantly since November 20, coinciding with the election of the new President of Argentina. Learn why I rate BITF a buy.""}, {""date"": ""20231228004500"", ""headline"": ""2024 Outlook Q&A: Rates, Landing And Where To Invest"", ""summary"": ""As investors prepare their portfolios for 2024, VanEck's investment professionals share insights on what to expect. Click here to read more.""}, {""date"": ""20231228114429"", ""headline"": ""DAPP: Eyeing An Upside Target, High Volatility & Valuation Are Key Risks"", ""summary"": ""The VanEck Vectors Digital Transformation ETF has cleared two key price levels recently, but has a high-volatility rise and lofty valuation. Read more here.""}, {""date"": ""20231229012850"", ""headline"": ""Argo Blockchain: Speculating On The Bonds (Not The Equity)"", ""summary"": ""Argo Blockchain plc's equity and baby bond has risen impressively in 2023. Read more about ARBK here.""}, {""date"": ""20231229021500"", ""headline"": ""Wall Street Breakfast Podcast: Goodbye 2023, Hello 2024"", ""summary"": ""Happy last trading day of 2023! Google to settle $5B 'Incognito Mode' lawsuit and Cathie Wood switches Bitcoin ETFs.""}, {""date"": ""20231231003237"", ""headline"": ""MicroStrategy: Still A Buy With New Highs Likely"", ""summary"": ""MicroStrategy's stock is closely tied to the price of Bitcoin, which has been soaring in recent months. Read more about MSTR stock here.""}, {""date"": ""20231231034250"", ""headline"": ""ARWK: A Crypto Beneficiary In '23, Bullish Momentum '24"", ""summary"": ""The ARK Next Generation Internet ETF is a solid play for momentum investors in 2023 given its technical strength. Explore more details here.""}, {""date"": ""20231231174504"", ""headline"": ""ARKF: Bullish Tech And Crypto Momentum Into 2024"", ""summary"": ""ARKF is a moderate-sized ETF with nearly $1.2 billion in assets under management. Check out the technical analysis of ARKF and why I have a buy rating.""}]",{}
